,Ratings,Comments_Title,Actual_Comment,Review_Date_place,Verified_or_Not?,Product_Color
0,5.0 out of 5 stars,Stop overthinking & trust me on this one - does more than just the job at a budget price!,"Ordered during Great Indian Festival.
Effective price after SBI Discount was Rs. 2250/-

I ordered this product after thorough research.
And I am happy that for this price, it exceeds my expectations.

Design - Similar to Nord Buds the first. But, both the gray and white colors have some faint dotted design over the case and the stem of the buds. Faint flue dots over white. I was not prepared for that, at first glance, it looks a little dusty but can be overlooked.
Both the case and buds are very lightweight and easy to carry.
However, what I found to be a downside is that the buds dont have any magnetic attraction between them, so while they're easy to place in the case, outside the case they can't be clubbed together.

Fit - Fits perfectly. No pain/discomfort. When I move my head from side to side, they stay put. I ran on the treadmill for a few minutes at 12kmph. They didn‚Äôt even budge. It didn‚Äôt feel like they would slip out. Which is great.

Call Quality - The thing I was most worried about. And it passes the test. I live on a quiet street though - The other person is able to hear me loud and clear, and sometimes, ambient sound is also audible to them but the volume of that sound is much lower than my voice so it is not bothersome. Even in busier surroundings, no one has complained about my call quality yet!

Audio Quality - I'm quite fond of listening to loud music. This does more than just justice to the loudness. I am more than happy listening at 50% volume. It‚Äôs definitely bass heavy. The quality of the sound is clear and crisp. I am very happy.

ANC - It was not a priority for me, however, I did try it. Noise cancellation is definitely very effective. It does as much as promised, not more. However, there is a faint hissing sound. But it doesn‚Äôt bother me when playing some music or audio.

Hey Melody - Its NOT detecting my earbuds yet lol. I'm an apple user. Let's see I'll try pairing it properly.

Switching between devices - Unpair with one to pair with another. Not much of a hassle though, its fairly quick. And it automatically pairs with my phone as soon as I take it out of the case.

Battery Life - Yet to be explored! I‚Äôm someone who carries all my chargers on the go and tend to keep all my devices well charged, so I don‚Äôt think I‚Äôll be able to face much issue.

My Personal Reasons why I didn't go for Buds Z2 even though my budget was flexible -

1. In Ear Detection - if it goes haywire, I don't think there's an option to turn it off.
2. Glossy finish - I was afraid it would slip out.
3. It was released in 2021. About time we got a Z3, no?

Reasons why I wanted Z2 -

1. 3 mics
2. Google pairing - easy switch between devices
3. More premium product

Am I happy I went with this and not with Z2 - MOST DEFINITELY YES!!!",Reviewed in India on 10 October 2023,Verified Purchase,Colour: Lightning WhiteSize: Extra LargeStyle Name: Nord Buds 2
1,4.0 out of 5 stars,Surprised me in the price range,"After 3 years of extremely rough use knockoff Chinese wireless Bluetooth earbud kicked the bucket. Earbud, because one of them still work(and people say Chinese tech is poorly made). At the time of buying those knockoff earbuds it was around the same price as these One Plus Nord Buds 2 price range, actually I believe it was slightly cheaper(I cannot for the life of me remember). I am not a heavy earbuds user, I mostly use it to listen to podcasts in the morning and pair it with my laptop to listen to music while I work at night. The buds seldom leave the vicinity of my work desk at home, no exposure to the elements of nature and no exposure to sweat. I clean my earbuds regularly. That being said I do listen to a wide range of music, I'm no audiophile, but can identify change in quality in the listening device.

With that in mind, these earbuds offer an okay sound quality, hence why I gave it 4 stars, the sound quality is clear and don't have much noise, the trebles are well balanced so as to not rupture your eardrums, but the bass is overblown which is why I gave it 3 stars. The bass drowns out the other sounds, and overwhelms your ear. Especially if you are listening to an orchestral piece, you'll struggle appreciate the individual artists. This can be solved with software to a certain extent. By using the ""HeyMelody"" app you can configure your OnePlus Nord Buds 2. You can use pre configured sound profiles like Balanced, Bold, Serenade, or Bass. There is also the BassWave option which allows you to adjust the clarity and fidelity of the bass via software. If you are still unsatisfied you can configure your own custom profile by adding an equalizer and creating the ideal audio setup.

Now one of the more attractive feature of these buds I have seen from other buyers is the ANC at this price point. Honestly I don't really use the feature that much, mostly because I like to be aware of my surroundings and not get completely immersed in whatever I'm doing on the computer/phone. But the ANC works kinda well? I mean it's not the same as Apple's ANC, but for 3k you should temper your expectations. By holding down on the touch gesture surface on the ear buds or by going into the app on your phone you can enable ANC. It was able to completely tune out the ambient buzzing sound of my Air Conditioning, which is old and loud, so I think the ANC is very good. The only thing is when there is no audio playing you'll hear a hissing or buzzing sound if you have ANC enabled. It's not super annoying, but that is just my personal opinion.

As for battery backup, I have managed to go 2 days without charging the buds, but this is with light usage. It still has 90% left even after I have used it for 2 days so I think the battery backup is good. The case is sturdy and the buds fall into place within the case magnetically. Bluetooth connectivity is seamless and that's all I have to say about the buds.

I have however talked to people that bought these buds as a part of expanding their OnePlus ecosystem, and they claim that these buds are amazing when paired with their OnePlus phone or OnePlus tablet. I wouldn't know, I don't believe in ecosystems.

But people, for 3k this is totally worth the price. Haven't met with any issues till now, if I do I'll make sure to update this review. Cheers",Reviewed in India on 2 July 2023,Verified Purchase,Colour: Thunder GreySize: Extra LargeStyle Name: Nord Buds 2
2,5.0 out of 5 stars,The buds are good at the price range,"The Nord buds 2r is best when compared in its own company don't buy Nord buds 2 they have the same things as this bud have they only have 1 extra feature of noise cancellation.the fitting is ,And sound quality good the case quality is best I think I dropped it accidentally 1-2 times and it was fine if you get it at a price of 1499 after bank discounts then it is a value for money",Reviewed in India on 17 December 2024,Verified Purchase,Colour: Triple BlueSize: Extra LargeStyle Name: Nord Buds 2r
3,5.0 out of 5 stars,Good product worth it,"Definately buy it .. good touch control and gaming abality mic quality to good i used it for hours and hours performance is too good
I Use it for study and gaming too....
Good product worth for money",Reviewed in India on 17 December 2024,Verified Purchase,Colour: Misty GreySize: Extra LargeStyle Name: Nord Buds 2r
4,5.0 out of 5 stars,"Good call quality, Good Battery Backup, Good Sound.","Good call quality, Good Battery Backup, Good Sound. overall work for me",Reviewed in India on 19 December 2024,Verified Purchase,Colour: Misty GreySize: Extra LargeStyle Name: Nord Buds 2r
5,4.0 out of 5 stars,Go for it without any second thought if you are looking for a budget friendly buds,"I purchased these earbuds last year and undoubtedly after one year of use I would say I am happy about these earbuds. I was looking for a budget friendly earbuds with ANC along with good music quality as I am a frequent music listner. The first thing I want to mention about ANC that is excellent for this price range you can't ask more with such affordable price, second is the sound quality again as per this price range it is phenomenal with great balance bass and punchy beats and if you turn ON ANC and listen music then it's gives one of the best sound quality.Third is battery life ,when I bought these buds it was giving 4 5 hours average backup as generally no body continuously use for 4 5 hours unless you are not traveling. But after 6 7 months battery backup started falling slightly that is quite understanding and ok cause there was no drastic fall in the backup. You can again recharge as the case charging itself last for 10 hours so overall you can expect 7 8 hours backup with the case. Fourth is the call quality I will not say that call quality is excellent because as a regular user what I realised you can't expect any wireless earbuds to be excellent in the call quality like we listen over regular phone mic. But I will say the call quality is up to the mark it is not complete worse and if you want everything at best level obviously you have to pay more price. There is one more feature I found it useful lost bud sound that is quite loud if you lost your earbuds but the problem is the buds should be connected with the phone.
Last but not the least unfortunate I lost these earbuds 1 week ago so I thought why shouldn't I give me honest review whoever want to purchase a best buy within affordable price range.
Final review is go for it if you want to have an Excellent earbuds within pocket friendly range everything do justice with the prices it comes with. If you want to still do the complaints then spend some amount.",Reviewed in India on 30 October 2024,Verified Purchase,Colour: Thunder GreySize: Extra LargeStyle Name: Nord Buds 2
6,3.0 out of 5 stars,It's OK,"These earbuds offer great value at 1699. If you don't require ANC or in-ear detection, you should consider them.

Pros:
1. Brand These earbuds offer great value at 1699. If you don't require ANC or in-ear detection, you should consider them.

Pros:
1. Brand Value
2. Strong bass
3. Customizable touch controls

Cons:
1. No ANC
2. No in-ear detection
2. Strong bass
3. Customizable touch controls

Cons:
1. No ANC
2. No in-ear detection",Reviewed in India on 5 December 2024,Verified Purchase,Colour: Triple BlueSize: Extra LargeStyle Name: Nord Buds 2r
7,4.0 out of 5 stars,Worth the price,"I bought this product recently. Used it full-fledged for about 10 days. I am using this product with realme gt2 pro.

Lets talk about cons first

1. Ear comfort of this product is ok but not
great. Using more than 1 hr ear
starts to hurt and painful. You need to
remove buds from ear and then keep
again to tackle the pain. I tried other ear
tips which comes in the box. tried small
ear tips which made comfort even worse
and painful.

2 when audio is paused you will hear some
kind of gizzz sound which is very
annoying may be it is to handle outside
sound it seems. In transparency mode
gizz sound is less as you will hear outside
noise. When your not playing anything
keep buds aside or in the box donot
keep in ears. Trust me you will definitely
feel discomfort.

3 ANC - Active Noise Cancellation is
working good but not great. You can still
hear outside noises. But it does have
difference. 50 percent of noises will be
reduced but not complete isolation.

4 Hey Melody App. when phone bluetooth
is on buds will automatically pairs which
is great but when you go into app it still
shows select device to connect. But from
bluetooth settings i am able to select
and configure the product. I feel if device
is connected app should atleast show it
is connected.

Pros
1. Sound Quality is great.

2. Bass is great.

3. Switching with between multiple device
is great as it wont automatically shift to
other device and you have to touch and
hold long to shift and continue using. It
can be configure from app.

4. Battery backup is good.

5. Having ANC in this price is great.

6. Ear fitting is great. It wont fall from the
ear.

Hope this review helps..!!",Reviewed in India on 20 May 2023,Verified Purchase,Colour: Thunder GreySize: Extra LargeStyle Name: Nord Buds 2
8,4.0 out of 5 stars,Left earbud causing problems,"Works fine ,sound is good, no dedicated app for phones other than OnePlus is a disappointment. Need 3rd party app(hey melody from Google app store).
Bluetooth connectivity is fine,But sometimes left earbud doesn't connect after 6 months.
Also left earbud after 7 months sometimes doesn't charge and dies on u, so u have to put it back and charge again, it's rare but it's starting to happen.
Overall for the price it's worth it & just fine .",Reviewed in India on 17 December 2024,Verified Purchase,Colour: Thunder GreySize: Extra LargeStyle Name: Nord Buds 2
9,4.0 out of 5 stars,Great deal for Best Price,"I have been using for week now for work calls , listening music , watching movies and Phone calls
Pros-
Good sound quality I would say at this price and considering one plus brand value .
Build quality is great
Most liked part is battery backup
Bluetooth connectivity works amazing
Charging speed is Good

Cons-
Noise cancellation works well if there is very moderate background noise .
Noise cancellation during call could have been better configured (only if background noise is heavy)",Reviewed in India on 7 December 2024,Verified Purchase,Colour: Deep GreySize: Extra LargeStyle Name: Nord Buds 2r
10,4.0 out of 5 stars,Excellent for calling and music,"* expectation from this product is good call quality - satisfied
* Call quality inside helmet while driving - satisfied
* Music quality - good on base and treble part balanced
Cons:
Battery life is not good at this rate other brands are offering quick charging and long batter life both for ear pods and pd holder, i suspect this is not even half of the battery hours compare to other brands at same price",Reviewed in India on 7 December 2024,Verified Purchase,Colour: Lightning WhiteSize: Extra LargeStyle Name: Nord Buds 2
11,4.0 out of 5 stars,Amazing Sound Quality with Great Noise Cancellation,"The OnePlus Nord 2R earbuds deliver exceptional sound quality and effective noise cancellation, making them perfect for music and calls in busy environments. The fit is comfortable, and the battery life is impressive for daily use. However, there seems to be a minor glitch when connecting to social media apps for video calls, as the audio may occasionally lag or desync. If this gets addressed in future updates, these earbuds would be an unbeatable choice in their price range.",Reviewed in India on 26 November 2024,Verified Purchase,Colour: Triple BlueSize: Extra LargeStyle Name: Nord Buds 2r
12,4.0 out of 5 stars,Classy and amazing,Absolutely love the product as per price cool trendy and perfect bass bluetooth connectivity is so good. generally I used it upto 2 hour around but still my battery is 60% remaining without case overall it's worth purchasing product.,Reviewed in India on 16 December 2024,Verified Purchase,Colour: Deep GreySize: Extra LargeStyle Name: Nord Buds 2r
13,4.0 out of 5 stars,Best buds for your ear with standard quality,"I‚Äôm a big fan of headphones‚Äîsome might even call it an obsession. Since this is one of my favorite areas in electronics, expect a detailed review.

Before diving in, I believe in establishing benchmarks, as comparing products helps assess their performance effectively.

I own at least one headphone from every category‚Äînot meant as a brag, but to highlight my passion for varied content consumption.

So, why did I choose these?

It was a tough choice between the Oppo Enco Buds 2 and these, with the main differences being price and some features. Ultimately, I opted for these because for just a little more, I get IP55 rating and a larger driver.

That said, a larger driver doesn‚Äôt necessarily mean better sound.

Previously, I was using Skullcandy Spoke, which many enthusiasts might recognize as quite muted. You have to crank the volume above 70% to catch all the details, and they‚Äôre nearly inaudible outdoors. So even if the OnePlus turns out to be a poor choice, at least I won't be stuck with earbuds that lack volume.

Likes:

Excellent design‚Äîsturdy and not flimsy.
Good sound quality for the price.
Long battery life, though not the best in class.
Stem design looks nice and fits snugly.
Quick switch feature is a plus.

Dislikes:

Missing features like a functional game mode and volume controls on the earbuds.
Accidental touches when putting them on or taking them off‚Äînot a deal-breaker, but common in the industry.
Concern about losing the buds during physical activities.
More customization options in the app would be appreciated.
Strangely, the large ear tips fit worse than the medium ones, even though I used the larger tips with my OnePlus neckband.",Reviewed in India on 24 October 2024,Verified Purchase,Colour: Deep GreySize: Extra LargeStyle Name: Nord Buds 2r
14,4.0 out of 5 stars,Great earbuds,I just love this earbuds. Budget mein tikau,Reviewed in India on 21 December 2024,Verified Purchase,Colour: Deep GreySize: Extra LargeStyle Name: Nord Buds 2r
15,4.0 out of 5 stars,Good product,Amazing sound quality,Reviewed in India on 21 December 2024,Verified Purchase,Colour: Thunder GreySize: Extra LargeStyle Name: Nord Buds 2
16,4.0 out of 5 stars,About music quality and build quality,"This is amazing product , it supports pop up function while I have one plus open phone it is correctly work with my phone and music quality is good it have heavy bass üòâ with 3 customisable modes and one custom mode also , so picked custom and select it like my choice and you can believe that I must say about music quality üòä I mean it's WOW and with it mic quality is also good it can be better more than but in that price ratio mic quality is decent.

Thankyou , Amazon , one plus for this great product üòä",Reviewed in India on 3 November 2024,Verified Purchase,Colour: Deep GreySize: Extra LargeStyle Name: Nord Buds 2r
17,4.0 out of 5 stars,Value for money.,"They are very light ( ear buds ) for me that is the best part cuz the heavy ones are hard for ears. As far the sound quality is concerned it is alright , Mic quality is really good. Touch , connectivity everything is decent.",Reviewed in India on 2 December 2024,Verified Purchase,Colour: Deep GreySize: Extra LargeStyle Name: Nord Buds 2r
18,4.0 out of 5 stars,Ear Buds Best quality,Ear Buds GOOD qUALITY,Reviewed in India on 20 December 2024,Verified Purchase,Colour: Deep GreySize: Extra LargeStyle Name: Nord Buds 2r
19,4.0 out of 5 stars,Value for money product but little bit connectivity issues with the secondary devices.,"It's hard to paired between devices; once it got connected to the primary device it's really becomes difficult to connect with the other devices. Apart from that it is a value for money product. Sound quality of the oneplus devices lean towards bassy side(Quite similar to the realme) & definitely loud enough.
Overview: decent sound quality within this price range.",Reviewed in India on 23 November 2024,Verified Purchase,Colour: Thunder GreySize: Extra LargeStyle Name: Nord Buds 2
20,4.0 out of 5 stars,Average,"One of the earbuds didn't work after almost 1 month.. Didn't expect this..touch control good, connects to all devices easily",Reviewed in India on 11 December 2024,Verified Purchase,Colour: Deep GreySize: Extra LargeStyle Name: Nord Buds 2r
21,4.0 out of 5 stars,Worth it,"Good Sound Quality
Good Build Quality
Only thing which I not like that above 80% volume Distortion Will occur. After All Very Good Product.",Reviewed in India on 14 December 2024,Verified Purchase,Colour: Misty GreySize: Extra LargeStyle Name: Nord Buds 2r
22,4.0 out of 5 stars,Amazing sound quality,And good product,Reviewed in India on 18 December 2024,Verified Purchase,Colour: Misty GreySize: Extra LargeStyle Name: Nord Buds 2r
23,4.0 out of 5 stars,"Nice for music, not for calling","Nice sound, but no noise cancelling.",Reviewed in India on 15 December 2024,Verified Purchase,Colour: Deep GreySize: Extra LargeStyle Name: Nord Buds 2r
24,4.0 out of 5 stars,Nice one,"Brand Not worth, But working fine",Reviewed in India on 19 December 2024,Verified Purchase,Colour: Deep GreySize: Extra LargeStyle Name: Nord Buds 2r
25,4.0 out of 5 stars,Good purchase,Sound quality is nice and noise cancellation is not the best but it's decent,Reviewed in India on 8 December 2024,Verified Purchase,Colour: Deep GreySize: Extra LargeStyle Name: Nord Buds 2r
26,4.0 out of 5 stars,Best airbuds mera saund lajawab hai bhai,Super saund mere liye Nord buds 2 thanku,Reviewed in India on 8 December 2024,Verified Purchase,Colour: Thunder GreySize: Extra LargeStyle Name: Nord Buds 2
27,4.0 out of 5 stars,Good Sound Quality,Good Product,Reviewed in India on 9 December 2024,Verified Purchase,Colour: Misty GreySize: Extra LargeStyle Name: Nord Buds 2r
28,4.0 out of 5 stars,Long last battery life,Volume & bass is very good & good design superb design compact outer very good gaming audio,Reviewed in India on 7 December 2024,Verified Purchase,Colour: Thunder GreySize: Extra LargeStyle Name: Nord Buds 2
29,4.0 out of 5 stars,Ok,Ok product,Reviewed in India on 7 December 2024,Verified Purchase,Colour: Black SlateSize: Extra LargeStyle Name: OnePlus Nord Buds
30,4.0 out of 5 stars,Good earbuds,"Overall good earbuds. I write review after 1month use it.
#Microphone for calling/ online meets - 5/5
#Speaker good but not for very long time continues use- (sometimes start pain in ears) so- 4/5
#Bass good for music lovers 5/5
#Battery backup not very good (as mentioned 40hrs wrong) in normal use 3 days only so - 3/5
# No call pick /end button (keys) when u gives 2 microphone for good calling but unable to pick calls from earbuds button.
#Only one device blutooth connected at ones. This is biggest problem, now days maximum person have 2 devices.",Reviewed in India on 26 October 2024,Verified Purchase,Colour: Triple BlueSize: Extra LargeStyle Name: Nord Buds 2r
31,4.0 out of 5 stars,2.5 years and still working,"Bought these in May 2022‚Ä¶ I‚Äôve been waiting for them to stop working or battery go bad so that I can buy a new one, a latest model but even after 2.5 years, its working perfectly.",Reviewed in India on 28 November 2024,Verified Purchase,Colour: Black SlateSize: Extra LargeStyle Name: OnePlus Nord Buds
32,4.0 out of 5 stars,No volume up-down option,"You cannot up or down the volume from the buds which is a problem
Sound quality is good for its price range",Reviewed in India on 3 December 2024,Verified Purchase,Colour: Triple BlueSize: Extra LargeStyle Name: Nord Buds 2r
33,4.0 out of 5 stars,Quality,Good sound quality,Reviewed in India on 4 December 2024,Verified Purchase,Colour: Deep GreySize: Extra LargeStyle Name: Nord Buds 2r
34,4.0 out of 5 stars,Sound quality good,Le bhai le soch mat,Reviewed in India on 6 December 2024,Verified Purchase,Colour: Misty GreySize: Extra LargeStyle Name: Nord Buds 2r
35,4.0 out of 5 stars,Good sound,The sound is good.,Reviewed in India on 4 December 2024,Verified Purchase,Colour: Deep GreySize: Extra LargeStyle Name: Nord Buds 2r
36,4.0 out of 5 stars,Sounds,"After used 3months super quality good bess, good sound situuuuuuuu",Reviewed in India on 4 December 2024,Verified Purchase,Colour: Deep GreySize: Extra LargeStyle Name: Nord Buds 2r
37,4.0 out of 5 stars,Worth the price,Great product,Reviewed in India on 3 December 2024,Verified Purchase,Colour: Deep GreySize: Extra LargeStyle Name: Nord Buds 2r
38,4.0 out of 5 stars,Good item,Missing Red cable club card but all good üëç,Reviewed in India on 29 November 2024,Verified Purchase,Colour: Deep GreySize: Extra LargeStyle Name: Nord Buds 2r
39,4.0 out of 5 stars,Review after 14 months,"I used this device for 1.2years. Still works fine
But one problem in this tws is sometimes
Left side buds not fully charged. Stopped at 60 or 80% this only problem i faced in this tws
Call quality is above average
Otherwise best in segment
I purchased this one at Rs 2.2k
Now its price just 1.5k it's truly worthy product
If you want to buy this product please go for it
Seriously good one",Reviewed in India on 9 November 2024,Verified Purchase,Colour: Misty GreySize: Extra LargeStyle Name: Nord Buds 2r
40,4.0 out of 5 stars,Worth for money,Nice product and protect earbud cover from abrasion,Reviewed in India on 30 November 2024,Verified Purchase,Colour: Triple BlueSize: Extra LargeStyle Name: Nord Buds 2r
41,4.0 out of 5 stars,Worth buying it,"Play Video
Writing this review after 2 weeks using them. Don‚Äôt think too much just go for them. They are worth buying. Connection is good and mic over call works well. Sound quality and bass is good for the price.
Batter backup is nice, you can use them for 6 hours long.",Reviewed in India on 27 November 2024,Verified Purchase,Colour: Deep GreySize: Extra LargeStyle Name: Nord Buds 2r
42,5.0 out of 5 stars,**Review Title:** Outstanding Sound Quality with Impressive Battery Life,"**Review:**
I recently purchased the OnePlus Buds 2R, and after using them extensively for a month, I feel confident in sharing my detailed review. These earbuds are an excellent addition to OnePlus‚Äôs audio lineup, offering a mix of stellar sound quality, impressive battery life, and a comfortable fit. Below, I will discuss various aspects including design, comfort, sound quality, battery life, connectivity, and overall value.

**Design and Comfort:**
The OnePlus Buds 2R boast a minimalist and sleek design. They come in a compact, oval-shaped charging case that easily fits in pockets and bags. The earbuds themselves have a matte finish which adds a premium touch and makes them less prone to fingerprints.

In terms of comfort, the OnePlus Buds 2R are exceptionally light and fit snugly in the ear. They come with multiple sizes of silicone ear tips, ensuring a secure and comfortable fit for different ear shapes. I‚Äôve worn them for extended periods without experiencing any discomfort, making them ideal for long listening sessions or workouts.

**Sound Quality:**
The sound quality of the OnePlus Buds 2R is where these earbuds truly shine. They are equipped with 10mm dynamic drivers that deliver a rich and balanced sound profile. The bass is punchy without being overwhelming, the mids are clear and well-defined, and the highs are crisp and detailed. Whether I was listening to music, podcasts, or watching movies, the audio performance was consistently excellent.

Additionally, the OnePlus Buds 2R support Dolby Atmos, which significantly enhances the spatial audio experience, providing a more immersive sound. The passive noise isolation, while not as effective as active noise cancellation, does a decent job of blocking out ambient noise, making them suitable for use in various environments.

**Battery Life:**
Battery life is another strong point for the OnePlus Buds 2R. On a full charge, the earbuds provide up to 7 hours of continuous playback, and the charging case offers an additional 30 hours of battery life. The case supports fast charging, and just 10 minutes of charging provides up to 10 hours of playback time, which is incredibly convenient for those on the go.

**Connectivity:**
The OnePlus Buds 2R feature Bluetooth 5.2, ensuring a stable and reliable connection. Pairing the earbuds with my devices was seamless, and I didn‚Äôt experience any dropouts or connectivity issues during use. They also support Fast Pair, making it quick and easy to connect to OnePlus smartphones and other compatible devices. The touch controls are responsive and intuitive, allowing me to manage playback, adjust volume, and access voice assistants with ease.

**Additional Features:**
The OnePlus Buds 2R come with a few noteworthy features that enhance the overall user experience. They are IP55 rated, meaning they are resistant to dust and water splashes, making them suitable for workouts and outdoor activities. Additionally, the earbuds have a low latency mode, which is particularly beneficial for gaming and watching videos, ensuring audio and video sync perfectly.

**Conclusion:**
Overall, the OnePlus Buds 2R offer exceptional value for their price. They combine high-quality sound, impressive battery life, and a comfortable fit, making them a great choice for both casual listeners and audiophiles. While they lack active noise cancellation, the passive noise isolation is adequate for most environments. If you‚Äôre looking for reliable and high-performing earbuds without breaking the bank, the OnePlus Buds 2R are definitely worth considering.

**Pros:**
- Excellent sound quality with balanced audio profile
- Impressive battery life with fast charging
- Comfortable and secure fit
- Reliable connectivity with Bluetooth 5.2
- IP55 rating for dust and water resistance
- Low latency mode for gaming and videos

**Cons:**
- No active noise cancellation
- Limited color options

I highly recommend the OnePlus Buds 2R for anyone in search of high-quality, affordable wireless earbuds.

---

I hope this review helps you in making an informed decision!",Reviewed in India on 27 May 2024,Verified Purchase,Colour: Deep GreySize: Extra LargeStyle Name: Nord Buds 2r
43,4.0 out of 5 stars,Second times the charm,"I brought this OnePlus Nord 2 on Great Indian Festival sale and the horror when I got a used defective product! What followed were two days of restlessness as the associates tried their best to register a replacement. And finally I got a new one!

Pris: Coming to the actual product: Sleek design, comfortable on ears for longer periods (m talking 12-13 hrs), bass is more than decent. Has two modes and ANC is to kill for! I think that's the only reason I went back to my this the second time. Battery life is decent. Can give a run for money to any high end earphones in 5k-10k range.
Cons: Dies on its first birthday, not a day more!",Reviewed in India on 8 October 2024,Verified Purchase,Colour: Lightning WhiteSize: Extra LargeStyle Name: Nord Buds 2
44,4.0 out of 5 stars,Very good product,Best bass performance and best quality products,Reviewed in India on 29 October 2024,Verified Purchase,Colour: Deep GreySize: Extra LargeStyle Name: Nord Buds 2r
45,4.0 out of 5 stars,Warranty card not present inside the box.,Warranty card not present inside the box.,Reviewed in India on 16 October 2024,Verified Purchase,Colour: Deep GreySize: Extra LargeStyle Name: Nord Buds 2r
46,4.0 out of 5 stars,GREAT DEALü§ù,Just Go For It!,Reviewed in India on 12 October 2024,Verified Purchase,Colour: Thunder GreySize: Extra LargeStyle Name: Nord Buds 2
47,4.0 out of 5 stars,Display is very good,Ok ok,Reviewed in India on 13 October 2024,Verified Purchase,Colour: Misty GreySize: Extra LargeStyle Name: Nord Buds 2r
48,4.0 out of 5 stars,Buds 2r,"Best but no volume control üòî
Average at gaming purpose
Mic quality is best
Battery backup üòä",Reviewed in India on 12 October 2024,Verified Purchase,Colour: Misty GreySize: Extra LargeStyle Name: Nord Buds 2r
49,4.0 out of 5 stars,Worth it !,"One of the best ear bud, connectivity, sound, bass everything is good. Battery Backup is good as well.
Worth buying it.",Reviewed in India on 19 November 2024,Verified Purchase,Colour: Triple BlueSize: Extra LargeStyle Name: Nord Buds 2r
50,4.0 out of 5 stars,For OnePlus buds 2r,"Quality of the product is good battery is also good the bass is not like as the oneplus
Realme buds have better bass than OnePlus buds 2r",Reviewed in India on 5 October 2024,Verified Purchase,Colour: Triple BlueSize: Extra LargeStyle Name: Nord Buds 2r
51,4.0 out of 5 stars,Better than most of the other brands.,It's simply awesome in call quality but a little bit could be better in sounds of the songs.,Reviewed in India on 2 December 2024,Verified Purchase,Colour: Deep GreySize: Extra LargeStyle Name: Nord Buds 2r
52,4.0 out of 5 stars,Ok,Good,Reviewed in India on 15 October 2024,Verified Purchase,Colour: Thunder GreySize: Extra LargeStyle Name: Nord Buds 2
53,4.0 out of 5 stars,Best budget Earbuds with ANC,Best ANC under this range. The BASS was apt. Previously I was using One plus buds Z2. It is almost 70% similar with sound quality.,Reviewed in India on 9 October 2024,Verified Purchase,Colour: Thunder GreySize: Extra LargeStyle Name: Nord Buds 2
54,4.0 out of 5 stars,Good productsüëçüëç,Good productsüëçüëç,Reviewed in India on 19 October 2024,Verified Purchase,Colour: Thunder GreySize: Extra LargeStyle Name: Nord Buds 2
55,4.0 out of 5 stars,Product is good,Well,Reviewed in India on 16 October 2024,Verified Purchase,Colour: Misty GreySize: Extra LargeStyle Name: Nord Buds 2r
56,4.0 out of 5 stars,Worst delivery Services,"Product is very good but Amazon delivery services is very bad. It has no provided delivery agent number üòïüòïüòû

Very disappointed.",Reviewed in India on 10 October 2024,Verified Purchase,Colour: Triple BlueSize: Extra LargeStyle Name: Nord Buds 2r
57,4.0 out of 5 stars,Good TWS but not promising,"Sound wise it's ok medium bass balanced tuned sometimes feels trouble more
Mic quality not up to the mark sometimes need to talk loud as regular Indore condition.
Overall decent 1 star less for sound quality and call quality.",Reviewed in India on 2 October 2024,Verified Purchase,Colour: Thunder GreySize: Extra LargeStyle Name: Nord Buds 2
58,4.0 out of 5 stars,üòéüòé,Excellent product and nice quality üëç,Reviewed in India on 21 November 2024,Verified Purchase,Colour: Deep GreySize: Extra LargeStyle Name: Nord Buds 2r
59,4.0 out of 5 stars,Sound is ok but no volume control on earbuds,Quality of sound and mic is good. But there isn't any volume control on ear buds... So we have to use phone for the same. Bluetooth connectivity is awesome. Very easy to use. Pls give vol control and then it's just awesome,Reviewed in India on 8 October 2024,Verified Purchase,Colour: Triple BlueSize: Extra LargeStyle Name: Nord Buds 2r
60,4.0 out of 5 stars,Good,Good,Reviewed in India on 22 October 2024,Verified Purchase,Colour: Deep GreySize: Extra LargeStyle Name: Nord Buds 2r
61,4.0 out of 5 stars,Thise is best experience of using thise product,Best sounds quality fast connect to phone..good touch controls so keep thise product.. thank you..,Reviewed in India on 22 November 2024,Verified Purchase,Colour: Thunder GreySize: Extra LargeStyle Name: Nord Buds 2
62,4.0 out of 5 stars,Very good product,"Value for money

Working very good
Performance is good
Voice is clear as expected",Reviewed in India on 13 October 2024,Verified Purchase,Colour: Misty GreySize: Extra LargeStyle Name: Nord Buds 2r
63,4.0 out of 5 stars,Nice product,"It's a nice product, value for money",Reviewed in India on 16 October 2024,Verified Purchase,Colour: Deep GreySize: Extra LargeStyle Name: Nord Buds 2r
64,3.0 out of 5 stars,Nice product on it's price range.,"After using these earbuds in 4+ months here's my opinion:

Cons: Nice earbuds but NOT comfortable at all or as described. My ear hurts in under 2 to 2 and half hours of use then I has to switch these earbuds to right bud in my left ear and left one in right ear it's too frustrating and while doing this you loose all the sound quality.

Pros: Sound quality, Vocal, and Bass is good actually bass is the thing on this buds is really good ngl.",Reviewed in India on 31 October 2024,Verified Purchase,Colour: Deep GreySize: Extra LargeStyle Name: Nord Buds 2r
65,4.0 out of 5 stars,Great,"Pretty good product, the mic is especially neat, you can take calls while jorkin, gooning and cooming

But it let's way too much noise in",Reviewed in India on 13 November 2024,Verified Purchase,Colour: Misty GreySize: Extra LargeStyle Name: Nord Buds 2r
66,4.0 out of 5 stars,Good üòä,Unbeatable,Reviewed in India on 21 October 2024,Verified Purchase,Colour: Triple BlueSize: Extra LargeStyle Name: Nord Buds 2r
67,4.0 out of 5 stars,Good,Good nice product rate also good,Reviewed in India on 25 October 2024,Verified Purchase,Colour: Deep GreySize: Extra LargeStyle Name: Nord Buds 2r
68,4.0 out of 5 stars,From An iPhone User‚Äôs Perspective.,"Quick Verdict:
1. Sound Good .
2. Good battery life and Well built.
3. Clear mics.
4. Can‚Äôt access basic features on iOS .
5. Not recommended as a primary set of earbuds for iOS devices.
6. One Plus has not added support for these buds in their HeyMelody app on iOS, they have added support for others.

Background

‚Ä¢ Purchased as a spare for 2nd Gen AirPods Pro.
‚Ä¢ Primary devices are iPhone and iPad; also own an older Android (Poco F1).

Sound Quality (7/10): Warm and Vibrant

‚Ä¢ Impressively balanced with a V-shaped sound signature.
‚Ä¢ Sound stage is average, decent stereo separation.
‚Ä¢ Bass: Clean , booming, but lacks definition.
‚Ä¢ Mids: Enhanced by a less aggressive sound signature, decent for vocals and string instruments.
‚Ä¢ Highs: Detailed but can be harsh or sibilant at times.
‚Ä¢ AirPods Pro: Tighter bass, vibrant mids, detailed highs, and superior sound stage. I know it‚Äôs an unfair comparison.

Features

1. ANC (5/10)
‚Ä¢ Ineffective except against low-frequency noises like an AC.
‚Ä¢ Slight hiss when ANC is active.
2. Transparency (6/10)
‚Ä¢ Mediocre compared to AirPods‚Äô transparency mode.
3. Touch/Tap Controls (6.5/10)
‚Ä¢ Customizable via Android only.
‚Ä¢ No volume adjustment.
‚Ä¢ Not very responsive; prone to accidental taps.
4. Ear Detection
‚Ä¢ Does not function on iOS.
5. Microphones
‚Ä¢ Do their job. No problems.

Battery & Charging

‚Ä¢ Lasts approximately 6-6.5 hours with 50% volume and ANC on.
‚Ä¢ Charges quickly: 0 to 30-40% rapidly.
‚Ä¢ USB-C case provides three additional full charges.

iOS Limitations

‚Ä¢ No customization of sound profiles, dynamic bass, or firmware updates.
‚Ä¢ Lacks Dolby Atmos and Dirac support.
‚Ä¢ Does not support seamless device switching.

Workaround

‚Ä¢ Pair and customize on an Android device; settings save to buds.
‚Ä¢ Settings carry over when reconnected to iOS but require re-customization for changes.
‚Ä¢ Similar restrictions apply to Apple‚Äôs AirPods.",Reviewed in India on 24 April 2024,Verified Purchase,Colour: Lightning WhiteSize: Extra LargeStyle Name: Nord Buds 2
69,4.0 out of 5 stars,Value for money,ANC works perfectly and value for money design and comfort looks amazing,Reviewed in India on 8 November 2024,Verified Purchase,Colour: Thunder GreySize: Extra LargeStyle Name: Nord Buds 2
70,4.0 out of 5 stars,Best Product,Let's go for buy.... I order this product and gifted my father on birthday and they like it....... Don't wait let's go for buy üòçüòçüòç,Reviewed in India on 29 October 2024,Verified Purchase,Colour: Misty GreySize: Extra LargeStyle Name: Nord Buds 2r
71,4.0 out of 5 stars,good product,good product,Reviewed in India on 24 October 2024,Verified Purchase,Colour: Triple BlueSize: Extra LargeStyle Name: Nord Buds 2r
72,4.0 out of 5 stars,VOICE CALL QUILITY,"Sound Quility is Good!üòç
Voice Call Quility is bad!üòû",Reviewed in India on 15 November 2024,Verified Purchase,Colour: Thunder GreySize: Extra LargeStyle Name: Nord Buds 2
73,4.0 out of 5 stars,Good product,"Rating -3.5/5
Sound quality is good
Mic is not good(opposite person listen more your background noise then your voice)",Reviewed in India on 8 November 2024,Verified Purchase,Colour: Deep GreySize: Extra LargeStyle Name: Nord Buds 2r
74,4.0 out of 5 stars,Excellent üëå,Very nice product,Reviewed in India on 19 November 2024,Verified Purchase,Colour: Misty GreySize: Extra LargeStyle Name: Nord Buds 2r
75,4.0 out of 5 stars,OnePlus Nord buds 2 one week after use review,"This is a great earbud, the sound quality is awesome, under Rs 2199, highly recommend for this product. These earbuds are best for music, movies, study and calling.

Thank u üòä Amazon fast delivered",Reviewed in India on 22 October 2024,Verified Purchase,Colour: Thunder GreySize: Extra LargeStyle Name: Nord Buds 2
76,4.0 out of 5 stars,Nice,Good,Reviewed in India on 24 October 2024,Verified Purchase,Colour: Black SlateSize: Extra LargeStyle Name: OnePlus Nord Buds
77,4.0 out of 5 stars,All are good but in box not have red club card,In box not have red club card,Reviewed in India on 3 November 2024,Verified Purchase,Colour: Deep GreySize: Extra LargeStyle Name: Nord Buds 2r
78,4.0 out of 5 stars,Performance,"Writing this review after a year of using it. It still the same, no compromise on performance and quality. Never had a problem at all. Amazing touch control, immediate connection if it is a OnePlus phone. Beast mode is good. 80% noise cancellation, can expect this at this cost.

Cons: Mic quality should have been better, when on calls, the one on the other side aren't able to hear properly though there is no disturbance in the background voice isn't clear for them at all. Could have given 1 more year of warranty period.",Reviewed in India on 6 October 2024,Verified Purchase,Colour: Triple BlueSize: Extra LargeStyle Name: Nord Buds 2r
79,4.0 out of 5 stars,Oneplus nord buds 2,It does not need charging in 10 to12 I did not charge it in 10 to 12 days it is medium in fitting durability is too good fit size is also good cancel noise is80% durability warranty is good,Reviewed in India on 20 October 2024,Verified Purchase,Colour: Lightning WhiteSize: Extra LargeStyle Name: Nord Buds 2
80,4.0 out of 5 stars,Comfy for Ears,"I had oneplus neckband since 2 years its still working but now i bought airpods.. n its so amazing.. about functionality its super.. it has sensor so u can pause or change songs by just tapping.. bluetooth connectivity is good also u can use one earbud at a time.. As m super sensitive, earbuds hurt my ears, if i use even for a while.. this one is really comfy for my ears I'll add other features eventually after using it.. now come to the durability i bet one plus is trustworthy cz m the loyal customer of one plus since long.. also thanks to Amazon delivery got my product safe and on timeüëç",Reviewed in India on 2 October 2024,Verified Purchase,Colour: Deep GreySize: Extra LargeStyle Name: Nord Buds 2r
81,5.0 out of 5 stars,Good product,"Play Video
I am writing it after 8~9 months of usage. I purchased it for listening online classes. It worked fine.
I would recommend to have ear lock otherwise it may frequently drop.
One of the ear phone was not working,May be I had dropped it multiple times. But the product is good.
I am giving 4 star as ear lock is must.
Now I checked, there was a plastic in between in the ear phone case that was avoiding recharging. After removing that plastic , now it's getting recharge. I have changed rating to 5 star.",Reviewed in India on 8 December 2024,Verified Purchase,Colour: Deep GreySize: Extra LargeStyle Name: Nord Buds 2r
82,4.0 out of 5 stars,One Plus Earbuds = Value From Money üí∞,"‚Ä¢ Fantastic Sound Quality
‚Ä¢ Excellent Performance",Reviewed in India on 3 November 2024,Verified Purchase,Colour: Deep GreySize: Extra LargeStyle Name: Nord Buds 2r
83,4.0 out of 5 stars,Good Product,Sound quality is good.,Reviewed in India on 11 November 2024,Verified Purchase,Colour: Deep GreySize: Extra LargeStyle Name: Nord Buds 2r
84,5.0 out of 5 stars,Wonderful Surround Sound,"Great value for money. Good mix of bass and treble with very clear notes across spectrum. Runs well for more than 6 hours in a full charge. I have not tried beyond 6.
Calling is good in terms of clarity of sound at both ends. Five star product",Reviewed in India on 14 November 2024,Verified Purchase,Colour: Misty GreySize: Extra LargeStyle Name: Nord Buds 2r
85,5.0 out of 5 stars,OnePlus Nord 2 Buds,It's only better for music and also it's doesn't support some devices and most importantly it's waste of money for this product due to we can't use touch sensor for call receiving and rejecting we have to answer the call by using mobile this is why it's waste of time and buying this product is regretfull I tried to return it but the company keep pushing to try trouble shooting etc but they are not giving any replies also the customer support is also not responding please keep it in mind that if You wish to buy this product please read my review before buying that's all I have to tell you about,Reviewed in India on 29 October 2024,Verified Purchase,Colour: Lightning WhiteSize: Extra LargeStyle Name: Nord Buds 2
86,4.0 out of 5 stars,OnePlus buds,"Really nice product, good sound but costly, quality h to pesa to lgega hi",Reviewed in India on 7 November 2024,Verified Purchase,Colour: Deep GreySize: Extra LargeStyle Name: Nord Buds 2r
87,4.0 out of 5 stars,Value for money,"I bought one pair at 1700. After using it for 1 month, my positive points are light weight, good bass and clean music in some places and the look/feel/size as one. Some disappointing things include lack of clarity in mic, not much battery life imo and ears pain in long use. Overall happy with this being my first TWS.",Reviewed in India on 21 September 2024,Verified Purchase,Colour: Triple BlueSize: Extra LargeStyle Name: Nord Buds 2r
88,4.0 out of 5 stars,Amazing product,Sound quality pakka built quality 100% okay Bluetooth calling sometime here properly not okay,Reviewed in India on 19 October 2024,Verified Purchase,Colour: Misty GreySize: Extra LargeStyle Name: Nord Buds 2r
89,4.0 out of 5 stars,Feature are amazing in this price range but comfort is not so good...,"I bought OnePlus Nord Buds 2 about a week ago and I like nearly every features of the bud. Except the comfort provided by the buds. Left side bud are perfect but the right bud hurts in a ear after about 15 min of use...
Same issue was also with OnePlus Nord Buds 2r
I am expecting that it will stop hurting after few days... Let's hope for the best",Reviewed in India on 15 October 2024,Verified Purchase,Colour: Thunder GreySize: Extra LargeStyle Name: Nord Buds 2
90,4.0 out of 5 stars,"Good, could be better","Very good product, but I'm deducting one star because it lacks ergnomics , can't put the box in pocket without it bulging out
Wish thatthey bring the ergonomic design to the budget lineup too",Reviewed in India on 13 October 2024,Verified Purchase,Colour: Misty GreySize: Extra LargeStyle Name: Nord Buds 2r
91,4.0 out of 5 stars,Good quality,"Good quality audio , value for money during offers.",Reviewed in India on 1 November 2024,Verified Purchase,Colour: Misty GreySize: Extra LargeStyle Name: Nord Buds 2r
92,4.0 out of 5 stars,Sound quality is too good,Sound quality is too good but calling mic quality is avarage,Reviewed in India on 9 November 2024,Verified Purchase,Colour: Thunder GreySize: Extra LargeStyle Name: Nord Buds 2
93,4.0 out of 5 stars,Good,..,Reviewed in India on 8 November 2024,Verified Purchase,Colour: Lightning WhiteSize: Extra LargeStyle Name: Nord Buds 2
94,4.0 out of 5 stars,Not the best choice for iPhone,Nice performance the mic quality should be better the size was perfect Bluetooth connectivity good but I was unable to use app features as I have an iPhone 15,Reviewed in India on 5 November 2024,Verified Purchase,Colour: Deep GreySize: Extra LargeStyle Name: Nord Buds 2r
95,4.0 out of 5 stars,Mic issue during Bike riding,Sound not clear During bike helmet use,Reviewed in India on 21 October 2024,Verified Purchase,Colour: Deep GreySize: Extra LargeStyle Name: Nord Buds 2r
96,4.0 out of 5 stars,Worth to buy,You can go for it,Reviewed in India on 21 October 2024,Verified Purchase,Colour: Lightning WhiteSize: Extra LargeStyle Name: Nord Buds 2
97,4.0 out of 5 stars,A good product value for money,"I have been using this product since a year. The bill quality of this product is a very good as well as sound quality also good. It's comfortable comfortable to ears. It's Bluetooth connectivity also good
In short this product is value for money",Reviewed in India on 4 October 2024,Verified Purchase,Colour: Deep GreySize: Extra LargeStyle Name: Nord Buds 2r
98,4.0 out of 5 stars,Excellent product üëç,Very Happy üòÑ,Reviewed in India on 21 October 2024,Verified Purchase,Colour: Triple BlueSize: Extra LargeStyle Name: Nord Buds 2r
99,4.0 out of 5 stars,Excellent,Very Good Comfortable to uses,Reviewed in India on 22 October 2024,Verified Purchase,Colour: Deep GreySize: Extra LargeStyle Name: Nord Buds 2r
